РЯРк,СОАЁ,ДыКё,ЕюЖєЗќ,НУАЁ,АэАЁ,РњАЁ,АХЗЁЗЎ,АХЗЁДыБн,ЛѓРхНУАЁУбОз
"2026/07/09","791.63","6.63","0.84","792.99","819.69","778.17","423494812","5487768.0","4.45505255E8"
"2026/07/08","785.00","-46.23","-5.56","816.39","823.33","778.70","571917889","6143612.0","4.41594541E8"
"2026/07/07","831.23","-15.84","-1.87","843.74","866.59","812.70","543545333","6331309.0","4.67722454E8"
"2026/07/06","847.07","-21.34","-2.46","866.40","872.12","825.73","535134704","6156801.0","4.75918886E8"
"2026/07/03","868.41","1.69","0.19","875.18","875.39","823.98","601113167","6885163.0","4.8769071E8"
"2026/07/02","866.72","-62.63","-6.74","904.53","904.53","863.74","560643849","7983778.0","4.86460698E8"
"2026/07/01","929.35","13.17","1.44","924.09","955.45","905.87","601211887","1.1812176E7","5.21332068E8"
"2026/06/30","916.18","-4.39","-0.48","925.21","935.27","910.30","661150809","7952797.0","5.13943553E8"
"2026/06/29","920.57","69.20","8.13","860.40","923.11","859.33","576404248","8136267.0","5.16703215E8"
"2026/06/26","851.37","-36.44","-4.10","884.43","887.43","838.53","728780416","8246627.0","4.78774208E8"
"2026/06/25","887.81","-21.50","-2.36","923.66","930.81","884.05","639124598","7059385.0","4.99303994E8"
"2026/06/24","909.31","17.79","2.00","905.13","922.12","886.17","643383300","7048945.0","5.11244137E8"
"2026/06/23","891.52","-76.88","-7.94","958.64","971.69","891.52","797431660","8655458.0","5.0094142E8"
"2026/06/22","968.40","1.81","0.19","957.49","979.58","944.31","631818653","9122314.0","5.4380333E8"
"2026/06/19","966.59","-34.34","-3.43","1001.40","1001.40","946.15","882518817","1.0704632E7","5.42797684E8"
"2026/06/18","1000.93","-31.03","-3.01","1029.81","1031.54","996.93","611802920","9112387.0","5.62073134E8"
"2026/06/17","1031.96","13.28","1.30","1019.88","1039.55","1008.57","570785870","9737346.0","5.79751523E8"
"2026/06/16","1018.68","-15.35","-1.48","1039.00","1040.86","1015.73","621165407","9024603.0","5.71697924E8"
"2026/06/15","1034.03","4.98","0.48","1048.19","1054.32","1025.42","561328600","1.1502251E7","5.80103103E8"
"2026/06/12","1029.05","32.12","3.22","1027.05","1049.70","1021.49","644914560","1.6712155E7","5.75906851E8"
"2026/06/11","996.93","45.30","4.76","937.17","997.11","921.08","635319025","1.3705634E7","5.57952513E8"
"2026/06/10","951.63","-16.18","-1.67","958.58","983.25","932.27","614592037","9148499.0","5.33097358E8"
"2026/06/09","967.81","56.42","6.19","937.69","981.24","937.04","620285982","1.0254612E7","5.42177182E8"
"2026/06/08","911.39","-91.05","-9.08","959.61","959.61","908.46","624350804","8929291.0","5.09986625E8"
"2026/06/05","1002.44","-47.29","-4.50","1035.22","1035.22","992.80","724352334","1.0702577E7","5.60556825E8"
"2026/06/04","1049.73","23.70","2.31","1032.91","1065.90","1032.29","622959928","1.1054329E7","5.87559982E8"
"2026/06/02","1026.03","-24.00","-2.29","1044.89","1045.77","1009.75","774800387","1.1223371E7","5.74405389E8"
"2026/06/01","1050.03","-24.77","-2.30","1072.77","1082.75","1043.91","835031542","1.2237661E7","5.86320535E8"
"2026/05/29","1074.80","-29.56","-2.68","1112.15","1112.15","1058.13","855810608","1.2150898E7","6.00442789E8"
"2026/05/28","1104.36","-28.77","-2.54","1135.84","1136.13","1066.79","977729431","1.2817496E7","6.17037176E8"
"2026/05/27","1133.13","-39.39","-3.36","1173.80","1173.80","1128.75","1228978591","1.5278412E7","6.33385995E8"
"2026/05/26","1172.52","11.39","0.98","1189.28","1205.12","1170.41","1186405647","1.6248712E7","6.55056623E8"
"2026/05/22","1161.13","55.16","4.99","1119.43","1165.80","1119.43","1027933453","1.5226902E7","6.48796646E8"
"2026/05/21","1105.97","49.90","4.73","1085.30","1115.66","1085.30","926095732","1.2681527E7","6.17929047E8"
"2026/05/20","1056.07","-28.29","-2.61","1081.04","1081.04","1038.23","1227090732","1.3048987E7","5.90239633E8"
"2026/05/19","1084.36","-26.73","-2.41","1111.36","1122.85","1063.28","1103760877","1.3812175E7","6.04842492E8"
"2026/05/18","1111.09","-18.73","-1.66","1122.57","1122.57","1071.66","955326788","1.4474903E7","6.19451913E8"
"2026/05/15","1129.82","-61.27","-5.14","1197.23","1197.23","1110.16","1093007525","1.7886615E7","6.29957505E8"
"2026/05/14","1191.09","14.16","1.20","1187.02","1194.03","1162.20","993502642","1.3840517E7","6.63735775E8"
"2026/05/13","1176.93","-2.36","-0.20","1176.43","1183.07","1153.65","1132221224","1.4508842E7","6.56049419E8"
"2026/05/12","1179.29","-28.05","-2.32","1214.90","1225.29","1142.49","1517366970","2.1316111E7","6.58828678E8"
"2026/05/11","1207.34","-0.38","-0.03","1212.88","1212.89","1190.60","1319086022","1.9358214E7","6.73611486E8"
"2026/05/08","1207.72","8.54","0.71","1199.47","1215.59","1194.56","1233834098","1.6430469E7","6.72562056E8"
"2026/05/07","1199.18","-10.99","-0.91","1210.83","1219.58","1196.63","1420112922","1.702248E7","6.66671423E8"
"2026/05/06","1210.17","-3.57","-0.29","1220.90","1220.90","1197.01","1432966462","1.8048146E7","6.71732432E8"
"2026/05/04","1213.74","21.39","1.79","1212.28","1222.65","1211.39","1176128666","1.6039123E7","6.73877927E8"
"2026/04/30","1192.35","-27.91","-2.29","1224.75","1225.26","1189.52","1386410174","1.5290292E7","6.61991785E8"
"2026/04/29","1220.26","4.68","0.39","1213.28","1220.94","1206.11","1255886449","1.5791971E7","6.77626707E8"
"2026/04/28","1215.58","-10.60","-0.86","1226.76","1226.76","1207.47","1527371596","1.3872153E7","6.73948281E8"
"2026/04/27","1226.18","22.34","1.86","1213.13","1229.42","1209.28","1523708483","1.7600375E7","6.79545243E8"
"2026/04/24","1203.84","29.53","2.51","1176.42","1203.84","1172.32","1402973126","1.7393579E7","6.66921568E8"
"2026/04/23","1174.31","-6.81","-0.58","1189.10","1189.49","1152.34","1687848649","1.6266422E7","6.50661629E8"
"2026/04/22","1181.12","2.09","0.18","1176.83","1181.12","1160.50","1427239416","1.4713097E7","6.54310294E8"
"2026/04/21","1179.03","4.18","0.36","1186.23","1187.00","1172.18","1571861077","1.5994198E7","6.53303881E8"
"2026/04/20","1174.85","4.81","0.41","1167.10","1186.20","1161.00","1488714924","1.4486811E7","6.51585334E8"
"2026/04/17","1170.04","7.07","0.61","1166.78","1170.63","1156.02","1836660144","1.5880437E7","6.48844386E8"
"2026/04/16","1162.97","10.54","0.91","1163.00","1168.77","1156.31","1902506000","1.6846988E7","6.4505323E8"
"2026/04/15","1152.43","30.55","2.72","1140.62","1156.02","1135.35","1533311949","1.5890062E7","6.38916948E8"
"2026/04/14","1121.88","22.04","2.00","1120.61","1125.92","1118.05","1429628407","1.4485007E7","6.21379789E8"
"2026/04/13","1099.84","6.21","0.57","1076.85","1101.11","1074.84","1282994264","1.1789105E7","6.0916301E8"
"2026/04/10","1093.63","17.63","1.64","1089.14","1098.43","1082.92","1516075185","1.3361913E7","6.04998496E8"
"2026/04/09","1076.00","-13.85","-1.27","1083.40","1091.38","1068.82","1223574096","9927107.0","5.95710827E8"
"2026/04/08","1089.85","53.12","5.12","1084.57","1090.04","1071.35","1198291065","1.3091399E7","6.03114479E8"
"2026/04/07","1036.73","-10.64","-1.02","1060.25","1068.86","1026.95","1154251349","1.010014E7","5.73940668E8"
"2026/04/06","1047.37","-16.38","-1.54","1068.33","1077.04","1044.85","1176730535","1.0099542E7","5.79676701E8"
"2026/04/03","1063.75","7.41","0.70","1079.17","1083.24","1054.12","953913331","9933263.0","5.88614872E8"
"2026/04/02","1056.34","-59.84","-5.36","1130.16","1132.40","1040.07","1530433833","1.5690195E7","5.84475537E8"
"2026/04/01","1116.18","63.79","6.06","1090.36","1122.80","1089.31","1055086094","1.1242979E7","6.17468645E8"
"2026/03/31","1052.39","-54.66","-4.94","1099.08","1099.08","1049.76","1228503799","1.1367431E7","5.82561125E8"
"2026/03/30","1107.05","-34.46","-3.02","1101.77","1113.79","1094.48","1133949656","9896777.0","6.12792865E8"
"2026/03/27","1141.51","4.87","0.43","1119.77","1146.07","1101.93","1463267686","1.2523734E7","6.3224743E8"
"2026/03/26","1136.64","-22.91","-1.98","1159.61","1169.46","1135.33","1158121589","1.3822661E7","6.28951976E8"
"2026/03/25","1159.55","38.11","3.40","1133.31","1160.06","1131.77","1133745818","1.3972414E7","6.39697909E8"
"2026/03/24","1121.44","24.55","2.24","1134.16","1135.71","1094.67","1237346806","1.2459576E7","6.17824389E8"
"2026/03/23","1096.89","-64.63","-5.56","1129.86","1130.44","1095.56","1059626626","1.1100704E7","6.05547361E8"
"2026/03/20","1161.52","18.04","1.58","1153.67","1165.96","1144.37","1251344650","1.4143306E7","6.41093087E8"
"2026/03/19","1143.48","-20.90","-1.79","1139.12","1153.84","1138.80","1210669118","1.1802881E7","6.2970837E8"
"2026/03/18","1164.38","27.44","2.41","1156.46","1164.38","1149.88","1298537550","1.4433288E7","6.41128656E8"
"2026/03/17","1136.94","-1.35","-0.12","1156.83","1160.12","1136.94","1244517670","1.2933988E7","6.26458479E8"
"2026/03/16","1138.29","-14.67","-1.27","1156.50","1157.32","1124.98","1177918386","1.3439172E7","6.27235825E8"
"2026/03/13","1152.96","4.56","0.40","1122.28","1158.01","1119.74","1343544115","1.4396933E7","6.34518217E8"
"2026/03/12","1148.40","11.57","1.02","1132.00","1150.65","1128.22","1268602707","1.4019354E7","6.3189326E8"
"2026/03/11","1136.83","-0.85","-0.07","1155.48","1167.26","1121.45","1307016993","1.6592472E7","6.25398886E8"
"2026/03/10","1137.68","35.40","3.21","1147.99","1157.20","1123.79","984763423","1.5061589E7","6.25883591E8"
"2026/03/09","1102.28","-52.39","-4.54","1096.48","1113.56","1067.24","1044169811","1.2382997E7","6.06878043E8"
"2026/03/06","1154.67","38.26","3.43","1117.49","1154.67","1092.43","1033229763","1.4491478E7","6.35667825E8"
"2026/03/05","1116.41","137.97","14.10","1023.84","1149.54","1023.84","1044636795","1.5594889E7","6.13598131E8"
"2026/03/04","978.44","-159.26","-14.00","1112.08","1112.08","976.54","1454919596","1.658706E7","5.38113886E8"
"2026/03/03","1137.70","-55.08","-4.62","1169.82","1215.67","1137.70","1290763152","1.6896564E7","6.25379255E8"
"2026/02/27","1192.78","4.63","0.39","1175.40","1201.89","1173.16","1262964320","1.4846572E7","6.55298805E8"
"2026/02/26","1188.15","22.90","1.97","1176.15","1190.85","1161.40","1449494980","1.7973528E7","6.52471096E8"
"2026/02/25","1165.25","0.25","0.02","1174.27","1174.27","1158.18","1512980951","1.3456091E7","6.39180692E8"
"2026/02/24","1165.00","13.01","1.13","1159.76","1165.32","1146.22","1335411719","1.3719901E7","6.39023317E8"
"2026/02/23","1151.99","-2.01","-0.17","1166.94","1174.66","1143.38","1433817308","1.4444364E7","6.31945962E8"
"2026/02/20","1154.00","-6.71","-0.58","1161.40","1162.62","1147.72","1331918368","1.2405283E7","6.32352782E8"
"2026/02/19","1160.71","54.63","4.94","1122.20","1163.66","1111.28","1351784869","1.442365E7","6.36311714E8"
"2026/02/13","1106.08","-19.91","-1.77","1113.53","1117.91","1099.62","1466898939","1.125118E7","6.06576528E8"
"2026/02/12","1125.99","11.12","1.00","1122.55","1127.80","1110.18","1576134148","1.2791805E7","6.17381774E8"
"2026/02/11","1114.87","-0.33","-0.03","1120.62","1126.10","1110.53","1313253319","1.1189172E7","6.11359348E8"
"2026/02/10","1115.20","-12.35","-1.10","1132.24","1141.67","1109.44","1341864113","1.2119151E7","6.11442392E8"
"2026/02/09","1127.55","46.78","4.33","1109.91","1131.72","1106.07","1134870798","1.2500556E7","6.18383081E8"
"2026/02/06","1080.77","-27.64","-2.49","1077.08","1096.16","1048.28","1476135941","1.4241071E7","5.92931398E8"
"2026/02/05","1108.41","-41.02","-3.57","1137.08","1143.21","1104.63","1370412413","1.4122636E7","6.08227767E8"
"2026/02/04","1149.43","5.10","0.45","1139.02","1158.74","1136.73","1179457276","1.3676678E7","6.30262936E8"
"2026/02/03","1144.33","45.97","4.19","1135.94","1144.40","1119.65","1166572714","1.4808755E7","6.27843575E8"
"2026/02/02","1098.36","-51.08","-4.44","1128.57","1151.17","1089.89","1243911015","1.7492841E7","6.02855752E8"
"2026/01/30","1149.44","-14.97","-1.29","1166.23","1180.87","1146.34","1465197613","2.286995E7","6.3052254E8"
"2026/01/29","1164.41","30.89","2.73","1153.43","1167.57","1108.43","1540155965","2.267659E7","6.37540228E8"
"2026/01/28","1133.52","50.93","4.70","1093.47","1133.52","1092.62","1596894428","2.3237826E7","6.20312912E8"
"2026/01/27","1082.59","18.18","1.71","1054.19","1082.59","1054.16","1322259251","1.7691598E7","5.93012288E8"
"2026/01/26","1064.41","70.48","7.09","1003.90","1064.44","1003.85","1547814024","2.5334069E7","5.82878033E8"
"2026/01/23","993.93","23.58","2.43","977.15","998.32","975.25","1452895451","1.7227263E7","5.44013863E8"
"2026/01/22","970.35","19.06","2.00","963.77","972.38","956.09","1444825171","1.6583508E7","5.30746071E8"
"2026/01/21","951.29","-25.08","-2.57","958.05","962.13","933.31","1565806774","2.090249E7","5.19953547E8"
"2026/01/20","976.37","8.01","0.83","973.17","986.23","954.64","1390665542","1.5318248E7","5.33575819E8"
"2026/01/19","968.36","13.77","1.44","952.93","969.09","950.63","1281388093","1.3103318E7","5.29133809E8"
"2026/01/16","954.59","3.43","0.36","950.83","956.23","943.43","1222179961","1.4245556E7","5.2154469E8"
"2026/01/15","951.16","8.98","0.95","940.66","951.48","937.74","951959685","1.0731298E7","5.19333922E8"
"2026/01/14","942.18","-6.80","-0.72","951.03","951.03","937.72","948432868","8855309.0","5.1434126E8"
"2026/01/13","948.98","-0.83","-0.09","954.75","954.75","941.34","1107522098","1.0189859E7","5.17871338E8"
"2026/01/12","949.81","1.89","0.20","948.48","957.37","939.33","1083537449","1.0314586E7","5.18460647E8"
"2026/01/09","947.92","3.86","0.41","944.74","948.06","935.54","924588719","9033037.0","5.17435086E8"
"2026/01/08","944.06","-3.33","-0.35","950.71","951.77","943.08","971004082","1.0098033E7","5.15288203E8"
"2026/01/07","947.39","-8.58","-0.90","957.74","957.93","937.95","1072220568","1.1446455E7","5.16941007E8"
"2026/01/06","955.97","-1.53","-0.16","959.38","960.35","950.07","1042711479","1.0453957E7","5.21515919E8"
"2026/01/05","957.50","11.93","1.26","948.56","957.59","945.27","1096668410","1.2062092E7","5.22545651E8"
"2026/01/02","945.57","20.10","2.17","930.35","945.57","930.35","884030881","1.0781845E7","5.16105109E8"
"2025/12/30","925.47","-7.12","-0.76","928.99","929.95","920.56","818897041","1.0557101E7","5.05926194E8"
"2025/12/29","932.59","12.92","1.40","923.22","932.64","921.12","913419388","1.1853732E7","5.09275603E8"
"2025/12/26","919.67","4.47","0.49","920.90","923.61","913.85","829359264","1.1348264E7","5.0098912E8"
"2025/12/24","915.20","-4.36","-0.47","921.01","921.01","913.21","833834632","1.1450572E7","4.98536727E8"
"2025/12/23","919.56","-9.58","-1.03","932.48","932.48","918.54","956469284","1.1974078E7","4.99568763E8"
"2025/12/22","929.14","13.87","1.52","923.97","929.83","923.20","986661769","1.2426244E7","5.04618203E8"
"2025/12/19","915.27","13.94","1.55","909.70","922.10","899.25","973702578","1.1519714E7","4.96854683E8"
"2025/12/18","901.33","-9.74","-1.07","899.30","907.54","895.19","900506774","1.0091584E7","4.89255542E8"
"2025/12/17","911.07","-5.04","-0.55","922.03","922.74","907.24","1005567478","1.2225835E7","4.93135373E8"
"2025/12/16","916.11","-22.72","-2.42","938.23","938.23","915.49","933444140","1.3198346E7","4.95712179E8"
"2025/12/15","938.83","1.49","0.16","925.60","939.42","921.09","991670245","1.1342621E7","5.07476151E8"
"2025/12/12","937.34","2.70","0.29","933.99","938.11","930.21","1012037244","1.2548792E7","5.06740847E8"
"2025/12/11","934.64","-0.36","-0.04","940.59","943.19","929.56","912428273","1.0944398E7","5.05070694E8"
"2025/12/10","935.00","3.65","0.39","932.37","936.75","927.36","770849791","1.0240182E7","5.05095411E8"
"2025/12/09","931.35","3.56","0.38","926.93","932.57","924.55","711665879","1.0118607E7","5.03851519E8"
"2025/12/08","927.79","3.05","0.33","928.52","929.92","922.17","702958391","1.1844424E7","5.01026976E8"
"2025/12/05","924.74","-5.09","-0.55","930.75","933.06","916.11","699773919","1.2778903E7","4.99595789E8"
"2025/12/04","929.83","-2.18","-0.23","934.01","937.88","924.62","754373225","1.2371869E7","4.99241591E8"
"2025/12/03","932.01","3.59","0.39","931.49","932.98","926.08","816178315","9830866.0","4.97621924E8"
"2025/12/02","928.42","6.04","0.65","921.37","928.42","914.67","783738636","1.0175318E7","4.95835164E8"
"2025/12/01","922.38","9.71","1.06","920.69","933.26","917.18","847837459","1.1816139E7","4.92998629E8"
"2025/11/28","912.67","32.61","3.71","888.75","912.67","888.10","802794496","1.1749565E7","4.87358345E8"
"2025/11/27","880.06","2.74","0.31","879.44","884.00","878.04","721126512","8610288.0","4.68723963E8"
"2025/11/26","877.32","21.29","2.49","863.28","877.58","859.32","623313155","7655118.0","4.66850597E8"
"2025/11/25","856.03","-0.41","-0.05","867.84","871.68","851.41","679351904","7560630.0","4.55091448E8"
"2025/11/24","856.44","-7.51","-0.87","873.30","873.30","850.09","707039268","7617320.0","4.54259554E8"
"2025/11/21","863.95","-27.99","-3.14","867.45","870.51","860.17","752170109","8174599.0","4.58706522E8"
"2025/11/20","891.94","20.62","2.37","884.10","894.87","884.10","636594701","7883585.0","4.7252102E8"
"2025/11/19","871.32","-7.38","-0.84","881.49","881.81","854.23","748690365","7905341.0","4.59986313E8"
"2025/11/18","878.70","-23.97","-2.66","899.62","900.73","873.04","849174335","9414570.0","4.63949888E8"
"2025/11/17","902.67","4.77","0.53","904.15","905.42","895.69","715016164","8185193.0","4.76071084E8"
"2025/11/14","897.90","-20.47","-2.23","900.42","910.04","897.09","831830184","1.0631908E7","4.73282857E8"
"2025/11/13","918.37","11.86","1.31","904.36","920.13","902.34","911086896","9636657.0","4.83411483E8"
"2025/11/12","906.51","22.24","2.52","890.99","906.59","887.20","1001471641","9290428.0","4.79193408E8"
"2025/11/11","884.27","-4.08","-0.46","893.91","903.09","876.56","966120767","1.0401686E7","4.67285751E8"
"2025/11/10","888.35","11.54","1.32","882.44","889.08","872.13","727289624","8192320.0","4.69630113E8"
"2025/11/07","876.81","-21.36","-2.38","882.94","894.83","864.67","1041127667","9676817.0","4.63421452E8"
"2025/11/06","898.17","-3.72","-0.41","915.43","921.22","890.58","981007229","1.1066228E7","4.7428858E8"
"2025/11/05","901.89","-24.68","-2.66","919.28","919.28","871.79","1130176701","1.0963273E7","4.76118852E8"
"2025/11/04","926.57","12.02","1.31","914.87","932.15","912.78","931506224","1.213278E7","4.89799766E8"
"2025/11/03","914.55","14.13","1.57","906.19","914.91","902.29","1037137247","1.2841682E7","4.83235386E8"
"2025/10/31","900.42","9.56","1.07","894.54","901.80","891.32","895005986","9426947.0","4.7471825E8"
"2025/10/30","890.86","-10.73","-1.19","903.24","904.34","883.68","1214715904","9170647.0","4.69487193E8"
"2025/10/29","901.59","-1.71","-0.19","906.50","906.50","896.11","976841443","9268120.0","4.75071097E8"
"2025/10/28","903.30","0.60","0.07","902.82","906.71","896.36","842074817","8286274.0","4.76085845E8"
"2025/10/27","902.70","19.62","2.22","890.23","902.72","888.87","997294118","9904003.0","4.75870062E8"
"2025/10/24","883.08","11.05","1.27","880.61","884.06","876.38","961806778","9011846.0","4.65327499E8"
"2025/10/23","872.03","-7.12","-0.81","874.13","880.33","868.74","1060355971","7801887.0","4.59365807E8"
"2025/10/22","879.15","6.65","0.76","872.51","879.31","866.21","871961429","8328242.0","4.63248404E8"
"2025/10/21","872.50","-3.27","-0.37","881.53","882.10","867.62","1118285139","1.023105E7","4.59628043E8"
"2025/10/20","875.77","16.23","1.89","864.98","876.47","862.01","846812813","9107603.0","4.61433099E8"
"2025/10/17","859.54","-5.87","-0.68","862.71","871.06","859.19","859531946","9555839.0","4.52797472E8"
"2025/10/16","865.41","0.69","0.08","866.82","868.36","862.63","899457604","9441707.0","4.55846661E8"
"2025/10/15","864.72","16.76","1.98","853.17","864.77","850.30","879761725","8869030.0","4.5548588E8"
"2025/10/14","847.96","-12.53","-1.46","865.37","870.72","839.27","996539183","1.1139101E7","4.4673667E8"
"2025/10/13","860.49","1.00","0.12","845.76","861.79","840.28","698531892","8162012.0","4.53266077E8"
"2025/10/10","859.49","5.24","0.61","858.86","859.98","849.64","773577211","8649181.0","4.52811181E8"
"2025/10/02","854.25","8.91","1.05","853.40","854.87","848.75","820879618","7228646.0","4.51016378E8"
"2025/10/01","845.34","3.35","0.40","846.32","849.80","844.00","620014129","6344082.0","4.46292676E8"
"2025/09/30","841.99","-4.72","-0.56","847.52","849.18","841.65","839740111","6921741.0","4.44562528E8"
"2025/09/29","846.71","11.52","1.38","840.62","847.57","837.89","663695639","6300735.0","4.46927917E8"
"2025/09/26","835.19","-17.29","-2.03","847.67","847.73","829.47","749241693","7979792.0","4.40970921E8"
"2025/09/25","852.48","-8.46","-0.98","858.45","862.08","850.13","871793699","9035460.0","4.50029908E8"
"2025/09/24","860.94","-11.27","-1.29","870.54","871.82","851.38","1036233329","1.0119373E7","4.54521785E8"
"2025/09/23","872.21","-2.15","-0.25","877.18","877.56","866.65","964171331","1.0104817E7","4.60296764E8"
"2025/09/22","874.36","11.25","1.30","869.06","875.27","867.11","956058154","9841418.0","4.60854759E8"
"2025/09/19","863.11","6.00","0.70","858.08","863.11","854.00","951397580","1.0864457E7","4.54860817E8"
"2025/09/18","857.11","11.58","1.37","851.94","857.12","850.23","968140998","8220813.0","4.5144176E8"
"2025/09/17","845.53","-6.31","-0.74","850.15","850.15","844.16","1004374095","6999014.0","4.45386997E8"
"2025/09/16","851.84","-0.85","-0.10","854.40","855.50","850.15","1035618140","7789299.0","4.48806559E8"
"2025/09/15","852.69","5.61","0.66","849.64","852.69","843.43","944742939","8082127.0","4.49409719E8"
"2025/09/12","847.08","12.32","1.48","839.73","847.36","839.56","954437631","8289263.0","4.46419303E8"
"2025/09/11","834.76","1.76","0.21","834.68","836.55","831.23","960433626","7911832.0","4.39651373E8"
"2025/09/10","833.00","8.18","0.99","828.40","833.21","827.57","895071232","7663581.0","4.38485075E8"
"2025/09/09","824.82","6.22","0.76","820.75","824.82","817.40","1282471139","7485095.0","4.34427142E8"
"2025/09/08","818.60","7.20","0.89","815.90","818.61","813.43","886185504","5789990.0","4.31012297E8"
"2025/09/05","811.40","5.98","0.74","809.09","811.71","807.20","1013622146","5850370.0","4.27121554E8"
"2025/09/04","805.42","8.61","1.08","799.53","806.78","799.53","1252331330","5990197.0","4.23716299E8"
"2025/09/03","796.81","2.81","0.35","793.28","796.92","789.27","1189073685","5532535.0","4.19025121E8"
"2025/09/02","794.00","9.00","1.15","789.35","794.00","785.30","1039046890","6435889.0","4.17585126E8"
"2025/09/01","785.00","-11.91","-1.49","795.30","796.23","782.54","1093852709","6001662.0","4.12783926E8"
"2025/08/29","796.91","-1.52","-0.19","801.96","805.94","795.56","855305612","5042897.0","4.18982507E8"
"2025/08/28","798.43","-3.29","-0.41","800.49","801.37","797.37","787080503","4684239.0","4.19656795E8"
"2025/08/27","801.72","0.06","0.01","802.57","803.19","797.60","729017215","4723439.0","4.20910037E8"
"2025/08/26","801.66","3.64","0.46","793.99","802.84","793.37","784245468","5226898.0","4.2092484E8"
"2025/08/25","798.02","15.51","1.98","791.66","798.57","791.66","770617645","4882412.0","4.18845734E8"
"2025/08/22","782.51","5.27","0.68","778.77","785.55","778.73","833027192","4633017.0","4.1067368E8"
"2025/08/21","777.24","-0.37","-0.05","780.32","784.73","776.31","894577484","4662555.0","4.07867192E8"
"2025/08/20","777.61","-10.35","-1.31","778.63","778.63","766.57","877724027","5028116.0","4.07962413E8"
"2025/08/19","787.96","-10.09","-1.26","799.54","800.07","785.95","866727946","5659873.0","4.13133973E8"
"2025/08/18","798.05","-17.21","-2.11","811.52","812.49","798.05","764722908","4936252.0","4.1801455E8"
"2025/08/14","815.26","1.16","0.14","814.48","817.22","812.38","912584241","5816974.0","4.26312532E8"
"2025/08/13","814.10","6.91","0.86","816.54","816.66","806.26","979563280","5768338.0","4.24724974E8"
"2025/08/12","807.19","-4.66","-0.57","813.12","820.27","806.84","1106879507","5946180.0","4.21101694E8"
"2025/08/11","811.85","2.58","0.32","810.51","813.52","805.90","928260067","5301235.0","4.23414437E8"
"2025/08/08","809.27","3.46","0.43","806.43","812.48","806.43","848042613","5164785.0","4.22078573E8"
"2025/08/07","805.81","2.32","0.29","805.27","806.47","801.70","765440400","4803969.0","4.20293284E8"
"2025/08/06","803.49","4.89","0.61","796.48","803.55","793.85","696604882","4775881.0","4.18855554E8"
"2025/08/05","798.60","14.54","1.85","791.94","801.63","791.94","689089323","4812376.0","4.15976573E8"
"2025/08/04","784.06","11.27","1.46","773.83","786.35","770.35","705682917","4047912.0","4.08456725E8"
"2025/08/01","772.79","-32.45","-4.03","796.24","796.24","772.66","835015170","4750887.0","4.02395593E8"
"2025/07/31","805.24","1.57","0.20","806.21","809.03","799.51","831711599","5066428.0","4.19188765E8"
"2025/07/30","803.67","-0.78","-0.10","804.76","809.27","803.34","770147386","5218915.0","4.18309411E8"
"2025/07/29","804.45","0.05","0.01","803.38","807.09","795.67","620970466","5116177.0","4.18748612E8"
"2025/07/28","804.40","-2.55","-0.32","811.26","811.49","800.76","727049937","5279086.0","4.18537193E8"
"2025/07/25","806.95","-2.94","-0.36","809.43","810.67","805.83","714505962","5209063.0","4.19278499E8"
"2025/07/24","809.89","-3.67","-0.45","816.94","819.95","809.26","889008115","6114228.0","4.20539411E8"
"2025/07/23","813.56","0.59","0.07","815.88","815.88","802.30","909010533","5592866.0","4.22991787E8"
"2025/07/22","812.97","-8.72","-1.06","822.33","827.82","808.81","993451581","6191670.0","4.22194289E8"
"2025/07/21","821.69","1.02","0.12","819.84","822.76","817.34","866807250","5249525.0","4.26778496E8"
"2025/07/18","820.67","2.40","0.29","821.58","822.83","815.45","827138343","5998546.0","4.26552731E8"
"2025/07/17","818.27","6.04","0.74","814.92","818.27","806.63","951612291","6121447.0","4.25108707E8"
"2025/07/16","812.23","-0.65","-0.08","810.09","813.19","805.13","946532947","7094680.0","4.21867632E8"
"2025/07/15","812.88","13.51","1.69","800.24","812.91","798.83","816034316","7488117.0","4.22170177E8"
"2025/07/14","799.37","-1.10","-0.14","802.73","803.10","795.57","939783192","6149457.0","4.14781168E8"
"2025/07/11","800.47","2.77","0.35","799.96","805.90","798.83","976326744","7133021.0","4.15278856E8"
"2025/07/10","797.70","7.34","0.93","794.64","798.73","792.05","905082870","6602316.0","4.13859796E8"
"2025/07/09","790.36","6.12","0.78","786.33","790.36","783.48","860876616","5635548.0","4.09957714E8"
"2025/07/08","784.24","5.78","0.74","779.28","784.37","775.57","1205277647","5367655.0","4.06768237E8"
"2025/07/07","778.46","2.66","0.34","774.19","779.98","771.46","1416111646","5815932.0","4.03786447E8"
"2025/07/04","775.80","-17.53","-2.21","792.65","793.77","775.58","1131389159","6036753.0","4.02180339E8"
"2025/07/03","793.33","11.16","1.43","785.77","793.61","783.53","1087732758","5825862.0","4.11003107E8"
"2025/07/02","782.17","-1.50","-0.19","784.73","787.11","769.91","945635774","5436628.0","4.05139269E8"
"2025/07/01","783.67","2.17","0.28","783.65","788.38","783.29","971142670","6091749.0","4.05777887E8"
"2025/06/30","781.50","-0.06","-0.01","783.53","784.65","778.58","801110446","6296280.0","4.04628236E8"
"2025/06/27","781.56","-6.39","-0.81","789.93","790.67","778.60","888662093","5628451.0","4.04552312E8"
"2025/06/26","787.95","-10.26","-1.29","799.21","799.21","779.72","938619650","6238642.0","4.07828275E8"
"2025/06/25","798.21","-2.72","-0.34","802.92","803.93","793.03","1165502459","7017992.0","4.13235743E8"
"2025/06/24","800.93","16.14","2.06","796.06","801.34","794.87","1076177220","8337505.0","4.14507549E8"
"2025/06/23","784.79","-6.74","-0.85","779.67","784.79","772.91","991615723","7554337.0","4.06406468E8"
"2025/06/20","791.53","9.02","1.15","783.63","791.53","780.65","1110932295","7858723.0","4.09847066E8"
"2025/06/19","782.51","2.78","0.36","783.29","783.30","776.21","1103659388","7609431.0","4.05230473E8"
"2025/06/18","779.73","4.08","0.53","772.60","781.35","772.60","1006940370","7105542.0","4.03012416E8"
"2025/06/17","775.65","-1.61","-0.21","780.08","785.76","766.56","1136678019","7429307.0","4.01040121E8"
"2025/06/16","777.26","8.40","1.09","767.64","777.68","763.81","1111396074","6898143.0","4.01912894E8"
"2025/06/13","768.86","-20.59","-2.61","792.68","792.68","761.42","1096004622","7858865.0","3.97652316E8"
"2025/06/12","789.45","3.16","0.40","786.27","793.20","784.96","1288365758","7668783.0","4.08333205E8"
"2025/06/11","786.29","15.09","1.96","775.43","787.06","774.84","1566716471","7799685.0","4.06716567E8"
"2025/06/10","771.20","6.99","0.91","767.91","771.20","761.36","1351927648","7121353.0","3.98574952E8"
"2025/06/09","764.21","7.98","1.06","759.27","764.92","757.29","1055301118","7595454.0","3.94883444E8"
"2025/06/05","756.23","6.02","0.80","751.59","761.17","750.17","861273588","7462281.0","3.90727942E8"
"2025/06/04","750.21","9.92","1.34","749.13","752.75","747.35","853355064","6775069.0","3.87727009E8"
"2025/06/02","740.29","5.94","0.81","735.14","741.41","733.97","846169410","5761401.0","3.82652655E8"
"2025/05/30","734.35","-1.94","-0.26","735.26","737.43","732.55","907815111","5351147.0","3.79575281E8"
"2025/05/29","736.29","7.50","1.03","733.22","736.29","731.64","886682511","5369459.0","3.8034651E8"
"2025/05/28","728.79","1.68","0.23","731.06","733.48","727.60","974171867","6815891.0","3.76609767E8"
"2025/05/27","727.11","1.84","0.25","727.00","727.16","723.66","848891345","6068268.0","3.75543912E8"
"2025/05/26","725.27","9.29","1.30","718.48","726.93","716.86","825198990","5404346.0","3.74422698E8"
"2025/05/23","715.98","-1.69","-0.24","720.50","720.50","713.22","985285124","5817306.0","3.69764319E8"
"2025/05/22","717.67","-5.95","-0.82","720.96","720.96","714.71","1068236847","5874547.0","3.69991002E8"
"2025/05/21","723.62","8.07","1.13","720.64","726.68","719.96","846438915","6446232.0","3.72965129E8"
"2025/05/20","715.55","1.80","0.25","719.36","722.17","715.12","1018198005","7034017.0","3.68918951E8"
"2025/05/19","713.75","-11.32","-1.56","721.27","721.31","710.47","1319286832","6971427.0","3.67387893E8"
"2025/05/16","725.07","-8.16","-1.11","734.38","734.38","722.99","1124173729","7437026.0","3.72366818E8"
"2025/05/15","733.23","-5.82","-0.79","738.15","738.28","732.59","1108973249","7872970.0","3.76438057E8"
"2025/05/14","739.05","7.17","0.98","732.20","739.05","726.51","970914062","7405953.0","3.79042059E8"
"2025/05/13","731.88","6.48","0.89","731.11","735.85","730.76","1151961554","7061497.0","3.75358254E8"
"2025/05/12","725.40","2.88","0.40","724.47","727.56","719.23","1016087913","7045877.0","3.72386306E8"
"2025/05/09","722.52","-7.07","-0.97","731.01","731.01","719.83","852590197","7469600.0","3.7076664E8"
"2025/05/08","729.59","6.78","0.94","725.81","730.72","725.81","730302443","6284969.0","3.7399491E8"
"2025/05/07","722.81","0.95","0.13","722.41","722.81","714.80","744459684","5570137.0","3.70735467E8"
"2025/05/02","721.86","4.62","0.64","716.60","723.77","714.07","735178377","4623685.0","3.70205863E8"
"2025/04/30","717.24","-9.22","-1.27","726.19","727.27","715.33","850397796","5527165.0","3.67992751E8"
"2025/04/29","726.46","7.05","0.98","722.94","727.80","721.42","943333984","5609256.0","3.72832258E8"
"2025/04/28","719.41","-10.28","-1.41","730.58","732.44","718.14","990322714","6087840.0","3.69248306E8"
"2025/04/25","729.69","3.61","0.50","729.56","732.80","728.21","1010312750","5622574.0","3.74623952E8"
"2025/04/24","726.08","0.00","0.00","726.95","729.49","723.33","1150836607","5979132.0","3.7275073E8"
"2025/04/23","726.08","9.96","1.39","724.33","726.10","720.42","1050347212","6678332.0","3.72670966E8"
"2025/04/22","716.12","0.67","0.09","711.42","717.86","711.03","1277015428","7315554.0","3.67616915E8"
"2025/04/21","715.45","-2.32","-0.32","717.25","722.18","714.05","1164432863","6334851.0","3.66929168E8"
"2025/04/18","717.77","6.02","0.85","713.52","717.77","708.20","1156924183","7216567.0","3.68396652E8"
"2025/04/17","711.75","12.64","1.81","700.11","711.91","700.11","1082187431","6248956.0","3.65177306E8"
"2025/04/16","699.11","-12.81","-1.80","710.38","711.38","698.58","978750260","6740809.0","3.58744663E8"
"2025/04/15","711.92","2.94","0.41","709.51","712.69","704.61","894426632","6878709.0","3.65359186E8"
"2025/04/14","708.98","13.39","1.92","699.99","709.05","699.21","1050254443","6640277.0","3.63751093E8"
"2025/04/11","695.59","13.80","2.02","673.09","695.59","672.74","1049944175","6625000.0","3.56820805E8"
"2025/04/10","681.79","38.40","5.97","670.12","681.79","669.99","925254115","6008922.0","3.49599359E8"
"2025/04/09","643.39","-15.06","-2.29","653.84","657.45","637.55","826310248","5626385.0","3.29853682E8"
"2025/04/08","658.45","7.15","1.10","666.01","668.82","656.07","872171575","6117697.0","3.37482407E8"
"2025/04/07","651.30","-36.09","-5.25","667.02","667.02","651.29","914731766","6282223.0","3.33848534E8"
"2025/04/04","687.39","3.90","0.57","677.23","697.72","674.66","976563377","7767886.0","3.52303147E8"
"2025/04/03","683.49","-1.36","-0.20","670.75","685.16","669.85","716602765","5795628.0","3.50194364E8"
"2025/04/02","684.85","-6.60","-0.95","695.37","696.48","683.30","799717067","6400353.0","3.50645716E8"
"2025/04/01","691.45","18.60","2.76","681.58","695.73","677.86","769528538","5379658.0","3.54163014E8"
"2025/03/31","672.85","-20.91","-3.01","683.42","686.17","671.91","895517699","5025705.0","3.44695152E8"
"2025/03/28","693.76","-13.73","-1.94","708.97","709.33","691.76","964194525","5325467.0","3.55501975E8"
"2025/03/27","707.49","-8.99","-1.25","710.98","718.20","706.86","766088993","5658042.0","3.62229715E8"
"2025/03/26","716.48","5.22","0.73","714.36","717.30","705.38","706699242","5368345.0","3.66971161E8"
"2025/03/25","711.26","-8.96","-1.24","725.34","725.84","709.67","729735132","6016568.0","3.64227033E8"
"2025/03/24","720.22","0.81","0.11","721.39","725.34","718.67","678079652","5310038.0","3.6883543E8"
"2025/03/21","719.41","-5.74","-0.79","724.94","727.15","713.82","735721739","7672928.0","3.68143843E8"
"2025/03/20","725.15","-13.20","-1.79","743.06","743.39","725.10","749018294","8338384.0","3.70651144E8"
"2025/03/19","738.35","-7.19","-0.96","743.21","747.53","737.52","721061736","6943065.0","3.77235277E8"
"2025/03/18","745.54","2.03","0.27","747.71","748.07","742.29","677134375","6779992.0","3.80885281E8"
"2025/03/17","743.51","9.25","1.26","740.14","743.77","735.32","693669930","7112442.0","3.79331544E8"
"2025/03/14","734.26","11.46","1.59","723.75","736.84","723.71","668141670","6493141.0","3.7487176E8"
"2025/03/13","722.80","-6.69","-0.92","735.75","737.29","722.28","774839374","7485493.0","3.68874806E8"
"2025/03/12","729.49","7.99","1.11","724.58","734.14","723.52","687840839","6558098.0","3.71989156E8"
"2025/03/11","721.50","-4.32","-0.60","710.20","721.70","706.96","757611773","7149827.0","3.6763389E8"
"2025/03/10","725.82","-1.88","-0.26","724.78","732.62","720.13","622760098","5834616.0","3.6952995E8"
"2025/03/07","727.70","-7.22","-0.98","729.43","738.10","725.97","731378055","7183593.0","3.70358758E8"
"2025/03/06","734.92","-12.03","-1.61","750.43","750.43","733.49","766879796","7505323.0","3.73981105E8"
"2025/03/05","746.95","9.05","1.23","743.35","748.82","740.69","684374715","6466086.0","3.79834268E8"
"2025/03/04","737.90","-6.06","-0.81","739.68","739.68","730.96","622276869","5493892.0","3.75108425E8"
"2025/02/28","743.96","-26.89","-3.49","760.10","760.10","743.95","860877844","7789833.0","3.77926446E8"
"2025/02/27","770.85","-0.56","-0.07","774.13","776.57","769.60","806160338","7469652.0","3.91416418E8"
"2025/02/26","771.41","1.98","0.26","769.00","774.20","766.69","909127367","7969806.0","3.91744101E8"
"2025/02/25","769.43","-3.90","-0.50","766.85","773.91","765.26","962424381","8757281.0","3.90764703E8"
"2025/02/24","773.33","-1.32","-0.17","766.94","773.51","764.48","904411705","7924512.0","3.92294112E8"
"2025/02/21","774.65","6.38","0.83","768.39","774.78","767.18","881243487","8182602.0","3.9260242E8"
"2025/02/20","768.27","-10.00","-1.28","777.78","781.54","766.83","1045130301","1.0415464E7","3.89640021E8"
"2025/02/19","778.27","4.62","0.60","774.12","778.98","772.63","939913640","1.0913314E7","3.94243294E8"
"2025/02/18","773.65","5.17","0.67","769.93","773.77","765.99","1064611034","1.0121235E7","3.92037052E8"
"2025/02/17","768.48","12.16","1.61","759.21","768.48","757.77","885361507","9312985.0","3.89416156E8"
"2025/02/14","756.32","7.04","0.94","752.08","758.72","752.04","901114792","1.0084981E7","3.82900832E8"
"2025/02/13","749.28","4.10","0.55","748.69","751.83","744.83","815852418","8391743.0","3.7887054E8"
"2025/02/12","745.18","-4.41","-0.59","748.65","748.65","742.85","895422568","8611340.0","3.76565037E8"
"2025/02/11","749.59","-0.08","-0.01","751.25","754.62","749.36","987198406","1.0013922E7","3.78570153E8"
"2025/02/10","749.67","6.77","0.91","740.12","750.46","735.71","1005599352","1.081661E7","3.78488632E8"
"2025/02/07","742.90","2.58","0.35","739.88","744.68","737.61","973353714","9929371.0","3.75077398E8"
"2025/02/06","740.32","9.34","1.28","735.94","740.32","734.91","858061283","8515713.0","3.73633476E8"
"2025/02/05","730.98","11.06","1.54","724.60","731.92","724.60","815898537","8097573.0","3.68943223E8"
"2025/02/04","719.92","16.12","2.29","713.55","726.28","713.55","996620510","8417511.0","3.63587949E8"
"2025/02/03","703.80","-24.49","-3.36","718.26","718.26","700.57","843786203","7440590.0","3.55305745E8"
"2025/01/31","728.29","-0.45","-0.06","724.96","728.41","723.30","687448836","6531727.0","3.6712694E8"
"2025/01/24","728.74","4.73","0.65","725.78","731.70","722.82","763299520","6343842.0","3.67274173E8"
"2025/01/23","724.01","-8.30","-1.13","731.69","731.72","723.49","921233004","7015212.0","3.64441866E8"
"2025/01/22","732.31","6.24","0.86","731.17","733.89","729.46","917737627","7475319.0","3.68360207E8"
"2025/01/21","726.07","-1.59","-0.22","728.57","733.91","720.73","860868642","7132228.0","3.65280195E8"
"2025/01/20","727.66","2.97","0.41","727.59","728.51","722.77","756376851","6339533.0","3.65874386E8"
"2025/01/17","724.69","0.45","0.06","723.05","725.54","722.28","844070196","6992863.0","3.64479405E8"
"2025/01/16","724.24","12.63","1.77","720.35","725.78","720.35","822196863","6683933.0","3.64133996E8"
"2025/01/15","711.61","-6.43","-0.90","722.16","722.34","709.82","982777494","6595898.0","3.5779653E8"
"2025/01/14","718.04","9.83","1.39","712.03","718.60","709.11","911711452","6801058.0","3.61067651E8"
"2025/01/13","708.21","-9.68","-1.35","713.98","718.96","707.60","770836664","5638973.0","3.56078608E8"
"2025/01/10","717.89","-5.63","-0.78","722.21","723.47","715.68","914398003","6601204.0","3.60309762E8"
"2025/01/09","723.52","3.89","0.54","718.89","723.70","712.35","992523922","7502223.0","3.63118431E8"
"2025/01/08","719.63","1.34","0.19","713.78","720.21","712.62","1124301750","6913237.0","3.61070266E8"
"2025/01/07","718.29","0.33","0.05","719.68","723.09","717.07","1230039625","8174854.0","3.60367857E8"
"2025/01/06","717.96","12.20","1.73","707.87","718.86","707.87","1109992880","8258065.0","3.60017098E8"
"2025/01/03","705.76","19.13","2.79","688.04","706.46","687.73","871626030","7988210.0","3.53817406E8"
"2025/01/02","686.63","8.44","1.24","678.98","687.25","675.96","741587124","5912360.0","3.44423636E8"